input,output
"[TEXT]: My flatmate tested positive, and I fear I'm next. I'll move out, isolate for 2 weeks, and worry about being unvaccinated. Any advice? [EMOTION]: fear","[RATIONALE]: The text expresses concern about potential infection and worry about being unvaccinated, indicating a strong sense of fear and apprehension."
"[TEXT]: As a parent, I'm excited to explore different parenting styles and strategies, such as positive reinforcement and setting clear boundaries, in order to empower and support my children's growth and development. [EMOTION]: anticipation","[RATIONALE]:  The use of words like ""excited"" and ""empower"" conveys a sense of anticipation and enthusiasm towards the process of exploring and implementing various parenting styles and strategies. The focus on supporting children's growth and development suggests a positive and hopeful outlook towards the parenting journey."
"[TEXT]: The vibrant colors and bold brushstrokes in the contemporary painting seemed to dance off the canvas, evoking a sense of exhilarating joy and boundless creativity. [EMOTION]: joy","[RATIONALE]:  The use of the words ""vibrant colors"" and ""bold brushstrokes"" to describe the contemporary painting highlights the dynamic and lively nature of the artwork. The reference to the evocation of ""exhilarating joy and boundless creativity"" reflects a sentiment of joy, capturing the elation and excitement sparked by the experience of viewing this expressive and captivating painting."
[TEXT]: Observing the precision and efficiency of industrial robots streamlining manufacturing processes in a state-of-the-art facility sparks an electrifying sense of awe and excitement within me. [EMOTION]: joy,"[RATIONALE]:  The text conveys a sentiment of joy and fascination as it describes the experience of witnessing advanced robotics and automation at work. The use of words like ""precision,"" ""efficiency,"" ""electrifying sense of awe,"" and ""excitement"" reflects the uplifting and exhilarating emotions associated with the technological advancements in robotics and automation. This illustrates the joy and marvel that the observer feels when encountering cutting-edge industrial innovations."
"[TEXT]: The exhilarating fusion of hip-hop, contemporary, and ballet in modern dance forms ignites a sense of liberation and euphoria within me. [EMOTION]: joy","[RATIONALE]:  The mention of ""exhilarating fusion"" and the description of the dance forms as igniting a sense of ""liberation and euphoria"" indicates a deep feeling of joy and excitement. The use of words such as ""fusion"" and ""exhilarating"" suggests a blend of different styles and a thrilling experience, eliciting feelings of exuberance and delight associated with modern dance forms."
"[TEXT]: Immersing myself in the language learning community filled me with a deep sense of trust. The support and encouragement from fellow learners, as well as the dedication of experienced language mentors, instill in me a belief in the power of collaboration and guidance in achieving proficiency in a new language. [EMOTION]: trust","[RATIONALE]:  The text conveys a sentiment of trust towards the language learning community, highlighting the speaker's belief in the support and guidance offered by fellow learners and experienced mentors. The use of words like ""immersing,"" ""trust,"" ""encouragement,"" and ""dedication"" evokes a feeling of reliance and confidence in the collaborative efforts of the language learning community to facilitate proficiency and skill development in acquiring a new language."
"[TEXT]: A heartwarming family reunion video captures the emotional embrace of long-separated siblings, reaffirming the unbreakable bond of trust and love within the family. [EMOTION]: trust","[RATIONALE]: The video evokes a sense of trust by showcasing the deep emotional connection and unwavering trust among family members, highlighting the enduring strength of family ties."
"[TEXT]: The digital art and animation showcase at the gallery was a mesmerizing fusion of creativity and technology, each piece bursting with vibrant colors and dynamic movement, taking the audience on an exhilarating journey through the boundless realms of imagination. [EMOTION]: joy","[RATIONALE]:  The text exudes a sentiment of joy as it describes the captivating experience of the digital art and animation showcase. The use of words like ""mesmerizing,"" ""vibrant colors,"" and ""exhilarating journey"" conveys a sense of delight and excitement, evoking the feeling of joy that comes from witnessing the fusion of creativity and technology in the form of captivating digital art and animation."
"[TEXT]: During my marine biology studies, I encountered a group of fishermen who were irresponsibly discarding their fishing nets and leaving behind a trail of plastic waste in the ocean. It was a display of complete disregard for marine life and the environment, leaving me feeling deeply disgusted. [EMOTION]: disgust","[RATIONALE]:  The text expresses a strong sentiment of disgust towards the fishermen's irresponsible behavior, demonstrating a deep revulsion and condemnation for their actions that directly harm marine life and the ocean environment."
"[TEXT]: When I heard about the new smartphone innovation that involved using facial recognition to track users' emotions and behaviors without their consent, I was thoroughly disgusted. The invasion of privacy and disregard for personal boundaries in the name of technological advancement is abhorrent, and it makes me deeply uncomfortable to think about the implications of such a development. [EMOTION]: disgust","[RATIONALE]:  The text conveys a strong sense of disgust towards the invasive nature of the smartphone innovation, highlighting the revulsion and discomfort experienced when considering the ethical implications of the technology. The use of facial recognition to track emotions and behaviors without consent is seen as a blatant intrusion into personal privacy, prompting a gut-level reaction of disgust and unease."
